[
                {
                    "id": "20491182",
                    "name": "Samsung Galaxy A51 6/128GB Blue (SM-A515FZBWSEK)",
                    "image": "https://content1.rozetka.com.ua/goods/images/big/20491182.jpg",
                    "description": "Екран (6.5', Super AMOLED, 2400x1080) / Samsung Exynos 9611 (2.3 ГГц + 1.7 ГГц) / основна квадрокамера: 48 Мп + 12 Мп + 5 Мп + 5 Мп, фронтальна 32 Мп / RAM 6 ГБ / 128 ГБ вбудованої пам'яті + microSD (до 512 ГБ) / 3G / LTE / GPS / підтримка 2 SIM-карток (Nano-SIM) / Android 10.0 (Q) / 4000 мА·год",
                    "colors": ["black", "blue", "white", "grey"],
                    "price": 7299,
                    "isSale": true
                },
                {
                    "id": "163417728",
                    "name": "Xiaomi Redmi 9T 4/128 Carbon Gray (749702)",
                    "image": "https://content.rozetka.com.ua/goods/images/big/163417728.jpg",
                    "description": "Екран (6.53', 2340x1080) / Qualcomm Snapdragon 662 (4 х 2.0 ГГц + 4 х 1.8 ГГц) / основна квадрокамера: 48 Мп + 8 Мп + 2 Мп + 2 Мп, фронтальна 8 Мп / RAM 4 ГБ / 128 ГБ вбудованої пам'яті + microSD (до 512 ГБ) / 3G / LTE / GPS / A-GPS / ГЛОНАСС / BDS / підтримка 2 SIM-карток (Nano-SIM) / Android 10 (Q) / 6000 мА·год",
                    "colors": ["grey", "blue", "green", "red"],
                    "price": 5499,
                    "isSale": false
                },
                {
                    "id": "163416521",
                    "name": "Xiaomi Redmi 9T 4/64 Carbon Gray (749698)",
                    "image": "https://content2.rozetka.com.ua/goods/images/big/163416521.jpg",
                    "description": "Екран (6.53', 2340x1080) / Qualcomm Snapdragon 662 (4 х 2.0 ГГц + 4 х 1.8 ГГц) / основна квадрокамера: 48 Мп + 8 Мп + 2 Мп + 2 Мп, фронтальна 8 Мп / RAM 4 ГБ / 64 ГБ вбудованої пам'яті + microSD (до 512 ГБ) / 3G / LTE / GPS / A-GPS / ГЛОНАСС / BDS / підтримка 2 SIM-карток (Nano-SIM) / Android 10 (Q) / 6000 мА·год",
                    "colors": ["grey", "blue", "red"],
                    "price": 4799,
                    "isSale": true
                },
                {
                    "id": "204911821",
                    "name": "Samsung Galaxy A51 6/128GB Blue (SM-A515FZBWSEK)",
                    "image": "https://content1.rozetka.com.ua/goods/images/big/20491182.jpg",
                    "description": "Екран (6.5', Super AMOLED, 2400x1080) / Samsung Exynos 9611 (2.3 ГГц + 1.7 ГГц) / основна квадрокамера: 48 Мп + 12 Мп + 5 Мп + 5 Мп, фронтальна 32 Мп / RAM 6 ГБ / 128 ГБ вбудованої пам'яті + microSD (до 512 ГБ) / 3G / LTE / GPS / підтримка 2 SIM-карток (Nano-SIM) / Android 10.0 (Q) / 4000 мА·год",
                    "colors": ["black", "blue", "white", "grey"],
                    "price": 7299,
                    "isSale": true
                },
                {
                    "id": "1634177281",
                    "name": "Xiaomi Redmi 9T 4/128 Carbon Gray (749702)",
                    "image": "https://content.rozetka.com.ua/goods/images/big/163417728.jpg",
                    "description": "Екран (6.53', 2340x1080) / Qualcomm Snapdragon 662 (4 х 2.0 ГГц + 4 х 1.8 ГГц) / основна квадрокамера: 48 Мп + 8 Мп + 2 Мп + 2 Мп, фронтальна 8 Мп / RAM 4 ГБ / 128 ГБ вбудованої пам'яті + microSD (до 512 ГБ) / 3G / LTE / GPS / A-GPS / ГЛОНАСС / BDS / підтримка 2 SIM-карток (Nano-SIM) / Android 10 (Q) / 6000 мА·год",
                    "colors": ["grey", "blue", "green", "red"],
                    "price": 5499,
                    "isSale": false
                },
                {
                    "id": "1634165211",
                    "name": "Xiaomi Redmi 9T 4/64 Carbon Gray (749698)",
                    "image": "https://content2.rozetka.com.ua/goods/images/big/163416521.jpg",
                    "description": "Екран (6.53', 2340x1080) / Qualcomm Snapdragon 662 (4 х 2.0 ГГц + 4 х 1.8 ГГц) / основна квадрокамера: 48 Мп + 8 Мп + 2 Мп + 2 Мп, фронтальна 8 Мп / RAM 4 ГБ / 64 ГБ вбудованої пам'яті + microSD (до 512 ГБ) / 3G / LTE / GPS / A-GPS / ГЛОНАСС / BDS / підтримка 2 SIM-карток (Nano-SIM) / Android 10 (Q) / 6000 мА·год",
                    "colors": ["grey", "blue", "red"],
                    "price": 4799,
                    "isSale": true
                },
                {
                    "id": "204911822",
                    "name": "Samsung Galaxy A51 6/128GB Blue (SM-A515FZBWSEK)",
                    "image": "https://content1.rozetka.com.ua/goods/images/big/20491182.jpg",
                    "description": "Екран (6.5', Super AMOLED, 2400x1080) / Samsung Exynos 9611 (2.3 ГГц + 1.7 ГГц) / основна квадрокамера: 48 Мп + 12 Мп + 5 Мп + 5 Мп, фронтальна 32 Мп / RAM 6 ГБ / 128 ГБ вбудованої пам'яті + microSD (до 512 ГБ) / 3G / LTE / GPS / підтримка 2 SIM-карток (Nano-SIM) / Android 10.0 (Q) / 4000 мА·год",
                    "colors": ["black", "blue", "white", "grey"],
                    "price": 7299,
                    "isSale": true
                },
                {
                    "id": "1634177282",
                    "name": "Xiaomi Redmi 9T 4/128 Carbon Gray (749702)",
                    "image": "https://content.rozetka.com.ua/goods/images/big/163417728.jpg",
                    "description": "Екран (6.53', 2340x1080) / Qualcomm Snapdragon 662 (4 х 2.0 ГГц + 4 х 1.8 ГГц) / основна квадрокамера: 48 Мп + 8 Мп + 2 Мп + 2 Мп, фронтальна 8 Мп / RAM 4 ГБ / 128 ГБ вбудованої пам'яті + microSD (до 512 ГБ) / 3G / LTE / GPS / A-GPS / ГЛОНАСС / BDS / підтримка 2 SIM-карток (Nano-SIM) / Android 10 (Q) / 6000 мА·год",
                    "colors": ["grey", "blue", "green", "red"],
                    "price": 5499,
                    "isSale": false
                }
                            ]
